id,client_id,date_commande
1,1,2026-01-10
2,2,2026-01-12
3,3,2026-01-15
4,4,2026-01-18
5,5,2026-01-20
6,6,2026-01-22
7,7,2026-01-25
8,8,2026-01-28
9,9,2026-02-01
10,10,2026-02-03
11,11,2026-02-05
12,12,2026-02-08
13,13,2026-02-10
14,14,2026-02-12
15,15,2026-02-15
16,16,2026-02-17
17,17,2026-02-20
18,18,2026-02-22
19,19,2026-02-25
20,20,2026-02-28
21,21,2026-03-02
22,22,2026-03-04
23,23,2026-03-06
24,24,2026-03-08
25,25,2026-03-10
26,26,2026-03-12
27,27,2026-03-15
28,28,2026-03-18
29,29,2026-03-20
30,30,2026-03-22
